Identifier,Response,Web Search Sources,Time Taken,Input Tokens,Reasoning Tokens,Output Tokens,Reasoning Effort,Error Log,Response IDs,Successful
5d81dc8b_batch1,"[""{\n    \""Personal Management Report - Week ending 14 Nov, 2025\"": {\n        \""has_pivot_mentioned\"": \""yes\"",\n        \""has_first_sale\"": \""no\"",\n        \""has_theory_of_value\"": \""yes\""\n    }\n}""]",,1.8889431953430176,12432,0,53,,[],['chatcmpl-CyBEndwpDH8rTZPTj1r3SZQk1mTAR'],True
5d81dc8b_batch0,"[""{\n    \""Personal Management Report - Week ending 14 Nov, 2025\"": {\n        \""report_week\"": \""2025-11-14\"",\n        \""num_members\"": \""5\"",\n        \""num_tasks_pending\"": \""unknown\"",\n        \""num_tasks_completed\"": \""28\"",\n        \""precision_score_total\"": \""unknown\"",\n        \""num_problems_listed\"": \""13\"",\n        \""team_members\"": \""Brandon Sklar, Ryan Rodgers, Andrew Breza, Colin Funtleyder, Max Kaufmann\"",\n        \""num_priorities_listed\"": \""5\""\n    }\n}""]",,2.701910972595215,12526,0,120,,[],['chatcmpl-CyBEnVLfFOtRHn8NdkhOgRvOxcjsB'],True
e24a242a_batch1,"[""{\n    \""Baked Gainz Project Management Report\"":\n    {\n        \""has_pivot_mentioned\"": \""yes\"",\n        \""has_first_sale\"": \""yes\"",\n        \""has_theory_of_value\"": \""yes\""\n    }\n}""]",,3.0087080001831055,11458,0,48,,[],['chatcmpl-CyBEnVYTbblqrTerlNLOnGcOiCSS2'],True
ff8ab489_batch1,"[""{\n    \""Team Management Report - Week of Dec 12, 2025\"": {\n        \""has_pivot_mentioned\"": \""yes\"",\n        \""has_theory_of_value\"": \""yes\"",\n        \""has_first_sale\"": \""no\""\n    }\n}""]",,3.0242528915405273,18803,0,53,,[],['chatcmpl-CyBEnes8wfLxdhLi9aWo6xHTAz1xs'],True
90b02a15_batch1,"[""{\n    \""Team Management Report\"":\n    {\n        \""has_theory_of_value\"": \""yes\"",\n        \""has_first_sale\"": \""yes\"",\n        \""has_pivot_mentioned\"": \""yes\""\n    }\n}""]",,3.111093044281006,17691,0,44,,[],['chatcmpl-CyBEnZPOFsIzVLzH3kHHyKFe7Bqwx'],True
269ac4e7_batch1,"[""{\n    \""TeamManagement Report - Week ending 11/7\"":\n    {\n        \""has_first_sale\"": \""yes\"",\n        \""has_theory_of_value\"": \""yes\"",\n        \""has_pivot_mentioned\"": \""yes\""\n    }\n}""]",,3.181203842163086,30399,0,51,,[],['chatcmpl-CyBEnnzkpId3CaiJJUqlh1zptxZyz'],True
90b02a15_batch0,"[""{\n    \""Arloe Team Management Report\"": {\n        \""report_week\"": \""2025-11-21\"",\n        \""num_priorities_listed\"": \""11\"",\n        \""num_tasks_completed\"": \""45\"",\n        \""num_tasks_pending\"": \""14\"",\n        \""precision_score_total\"": \""76\"",\n        \""num_members\"": \""5\"",\n        \""team_members\"": \""Keily Lopez, Nathan Chandran, Neissa Merizier, Mallory Chapman, Betsy Keenan\"",\n        \""num_problems_listed\"": \""22\""\n    }\n}""]",,3.310242176055908,17785,0,113,,[],['chatcmpl-CyBEnASuO88U2TfY1ss9BNPfdXj3M'],True
bdf0a312_batch0,"[""{\n    \""Week 12 Management Report – Week Ending December 11, 2025\"": {\n        \""num_problems_listed\"": \""6\"",\n        \""precision_score_total\"": \""90.9\"",\n        \""num_priorities_listed\"": \""3\"",\n        \""num_tasks_completed\"": \""30\"",\n        \""num_tasks_pending\"": \""13\"",\n        \""team_members\"": \""Zavian, Balraj, Luke, Dylan, Alessandro, Kaleb\"",\n        \""report_week\"": \""2025-12-11\"",\n        \""num_members\"": \""6\""\n    }\n}""]",,3.534324884414673,13083,0,117,,[],['chatcmpl-CyBEnsW08ZWODb4pcAL2gcAtaQaz6'],True
269ac4e7_batch0,"[""{\n    \""TeamManagementReport_WeekEnding_11_7\"":\n    {\n        \""num_members\"": \""6\"",\n        \""num_problems_listed\"": \""34\"",\n        \""num_tasks_completed\"": \""84\"",\n        \""report_week\"": \""2025-11-07\"",\n        \""num_tasks_pending\"": \""10\"",\n        \""precision_score_total\"": \""92\"",\n        \""team_members\"": \""Sheetal Singh, Carly, Nyla, Logan, Jenn, Schanze\"",\n        \""num_priorities_listed\"": \""31\""\n    }\n}""]",,3.4583470821380615,30493,0,112,,[],['chatcmpl-CyBEn7cL1JpsXPVOn0npgE720jFQB'],True
e24a242a_batch0,"[""{\n    \""Baked Gainz 461 Project Management Report\"":\n    {\n        \""team_members\"": \""Sheetal Singh, Fatima, Kiana, Vincent, Bryce\"",\n        \""report_week\"": \""2025-11-21\"",\n        \""num_tasks_pending\"": \""32\"",\n        \""precision_score_total\"": \""75\"",\n        \""num_tasks_completed\"": \""22\"",\n        \""num_members\"": \""5\"",\n        \""num_problems_listed\"": \""22\"",\n        \""num_priorities_listed\"": \""11\""\n    }\n}""]",,3.4743459224700928,11552,0,109,,[],['chatcmpl-CyBEnW9IBndYUDeBq559SQGbR3ICd'],True
bdf0a312_batch1,"[""{\n    \""Week 12 Management Report – Week Ending December 11, 2025\"": {\n        \""has_theory_of_value\"": \""yes\"",\n        \""has_first_sale\"": \""yes\"",\n        \""has_pivot_mentioned\"": \""yes\""\n    }\n}""]",,3.492233991622925,12989,0,55,,[],['chatcmpl-CyBEn0AU8GulFzccOaA0eTcbFjZbf'],True
ff8ab489_batch0,"[""{\n    \""Team Management Report - Week of Dec 12, 2025\"": {\n        \""num_priorities_listed\"": \""10\"",\n        \""precision_score_total\"": \""91\"",\n        \""num_tasks_completed\"": \""63\"",\n        \""num_tasks_pending\"": \""6\"",\n        \""report_week\"": \""2025-12-12\"",\n        \""team_members\"": \""Ayden Levy, Jack Tiger, Lester Paz Solis, Lucas Green, Nelson Nsereko\"",\n        \""num_members\"": \""5\"",\n        \""num_problems_listed\"": \""9\""\n    }\n}""]",,3.510222911834717,18897,0,118,,[],['chatcmpl-CyBEnkNSpSDFzwo5EOujXkwAmzb5j'],True
966bb075_batch1,"[""{\n    \""Team Management Report - Week ending 05 Dec, 2025\"": {\n        \""has_pivot_mentioned\"": \""yes\"",\n        \""has_theory_of_value\"": \""yes\"",\n        \""has_first_sale\"": \""no\""\n    }\n}""]",,3.5160319805145264,19319,0,53,,[],['chatcmpl-CyBEnMkp2VMt9GH0S3GnnLI74CRm1'],True
966bb075_batch0,"[""{\n    \""Team Management Report - Week ending 05 Dec, 2025\"": {\n        \""num_members\"": \""5\"",\n        \""num_tasks_completed\"": \""28\"",\n        \""num_problems_listed\"": \""7\"",\n        \""num_tasks_pending\"": \""2\"",\n        \""num_priorities_listed\"": \""6\"",\n        \""team_members\"": \""Jimmy Miller, Stephen Lawrence, Aung Khant Pyae (Alvin), Fjona Xhema, Ayslinn Villalta\"",\n        \""precision_score_total\"": \""82\"",\n        \""report_week\"": \""2025-12-05\""\n    }\n}""]",,4.166306734085083,19413,0,127,,[],['chatcmpl-CyBEnmb1kytWTutCrZp0p2G5szJyG'],True
